<?xml version="1.0" encoding="UTF-8"?>
<project-private xmlns="http://www.netbeans.org/ns/project-private/1">
    <editor-bookmarks xmlns="http://www.netbeans.org/ns/editor-bookmarks/2" lastBookmarkId="0"/>
    <open-files xmlns="http://www.netbeans.org/ns/projectui-open-files/2">
        <group>
            <file>file:/C:/wamp64/www/psycocloud/common/config/main.php</file>
            <file>file:/C:/wamp64/www/psycocloud/common/config/main-local.php</file>
            <file>file:/C:/wamp64/www/psycocloud/frontend/views/site/cita.php</file>
            <file>file:/C:/wamp64/www/psycocloud/frontend/controllers/PacienteController.php</file>
            <file>file:/C:/wamp64/www/psycocloud/frontend/views/site/paciente.php</file>
            <file>file:/C:/wamp64/www/psycocloud/frontend/views/paciente/_form.php</file>
            <file>file:/C:/wamp64/www/psycocloud/frontend/views/paciente/index.php</file>
            <file>file:/C:/wamp64/www/psycocloud/backend/config/main.php</file>
        </group>
    </open-files>
</project-private>
